filename,true_class,predicted_class,confidence,correct
EGT3_001-K_ovs_s70_00115.png,Epithel,Epithel,99.76,True
EGT3_001-K_ovs_s70_00120.png,Epithel,Epithel,99.56,True
EGT3_002-L_ovs_s70_00002.png,Epithel,Epithel,99.98,True
EGT3_002-L_ovs_s70_00091.png,Epithel,Epithel,99.99,True
EGT3_002-L_ovs_s70_00097.png,Epithel,Epithel,99.99,True
EGT3_002-L_ovs_s70_00191.png,Epithel,Epithel,99.96,True
EGT3_002-L_ovs_s70_00197.png,Epithel,Epithel,99.99,True
EGT3_002-L_ovs_s70_00281.png,Epithel,Epithel,99.96,True
EGT3_002-L_ovs_s70_00287.png,Epithel,Epithel,99.94,True
EGT3_002-L_ovs_s70_00293.png,Epithel,Epithel,100.0,True
EGT3_002-L_ovs_s70_00382.png,Epithel,Epithel,100.0,True
EGT3_002-L_ovs_s70_00385.png,Epithel,Epithel,99.97,True
EGT3_002-L_ovs_s70_00388.png,Epithel,Epithel,99.96,True
EGT3_002-L_ovs_s70_00474.png,Epithel,Epithel,99.35,True
EGT3_002-L_ovs_s70_00480.png,Epithel,Epithel,99.99,True
EGT3_002-L_ovs_s70_00569.png,Epithel,Epithel,99.92,True
EGT3_002-L_ovs_s70_00575.png,Epithel,Epithel,99.98,True
EGT3_002-L_ovs_s70_00581.png,Epithel,Epithel,99.98,True
EGT3_002-L_ovs_s70_00668.png,Epithel,Epithel,99.96,True
EGT3_002-L_ovs_s70_00674.png,Epithel,Epithel,99.96,True
EGT3_002-L_ovs_s70_00678.png,Epithel,Epithel,99.97,True
EGT3_002-L_ovs_s70_00768.png,Epithel,Epithel,99.98,True
EGT3_002-L_ovs_s70_00859.png,Epithel,Epithel,99.92,True
EGT3_002-L_ovs_s70_00865.png,Epithel,Epithel,100.0,True
EGT3_002-L_ovs_s70_00957.png,Epithel,Epithel,99.78,True
EGT3_002-L_ovs_s70_01054.png,Epithel,Epithel,99.76,True
EGT3_002-L_ovs_s70_01150.png,Epithel,Epithel,100.0,True
EGT3_002-L_ovs_s70_01153.png,Epithel,Epithel,100.0,True
EGT3_002-L_ovs_s70_01156.png,Epithel,Epithel,99.85,True
EGT3_002-L_ovs_s70_01244.png,Epithel,Epithel,99.99,True
EGT3_002-L_ovs_s70_01250.png,Epithel,Epithel,100.0,True
EGT3_002-L_ovs_s70_01342.png,Epithel,Epithel,100.0,True
EGT3_002-L_ovs_s70_01348.png,Epithel,Epithel,100.0,True
EGT3_002-L_ovs_s70_01354.png,Epithel,Epithel,99.39,True
EGT3_002-L_ovs_s70_01439.png,Epithel,Epithel,100.0,True
EGT3_002-L_ovs_s70_01445.png,Epithel,Epithel,99.72,True
EGT3_002-L_ovs_s70_01537.png,Epithel,Epithel,99.98,True
EGT3_002-L_ovs_s70_01725.png,Epithel,Epithel,99.98,True
EGT3_002-L_ovs_s70_02208.png,Epithel,Epithel,100.0,True
EGT3_002-L_ovs_s70_02405.png,Epithel,Epithel,99.98,True
EGT3_002-L_ovs_s70_02498.png,Epithel,Epithel,100.0,True
EGT3_002-L_ovs_s70_02784.png,Epithel,Epithel,100.0,True
EGT3_002-L_ovs_s70_02976.png,Epithel,Epithel,99.99,True
EGT3_002-L_ovs_s70_03068.png,Epithel,Epithel,100.0,True
EGT3_002-L_ovs_s70_03269.png,Epithel,Epithel,100.0,True
EGT3_007-S_ovs_s70_00004.png,Epithel,Epithel,99.94,True
EGT3_007-S_ovs_s70_00093.png,Epithel,Epithel,98.59,True
EGT3_007-S_ovs_s70_00096.png,Epithel,Epithel,99.46,True
EGT3_007-S_ovs_s70_00097.png,Epithel,Epithel,99.59,True
EGT3_007-S_ovs_s70_00186.png,Epithel,Epithel,98.57,True
EGT3_007-S_ovs_s70_00187.png,Epithel,Epithel,99.88,True
EGT3_007-S_ovs_s70_00188.png,Epithel,Epithel,99.19,True
EGT3_007-S_ovs_s70_00189.png,Epithel,Epithel,99.87,True
EGT3_007-S_ovs_s70_00194.png,Epithel,Epithel,99.92,True
EGT3_007-S_ovs_s70_00195.png,Epithel,Epithel,99.96,True
EGT3_007-S_ovs_s70_00284.png,Epithel,Epithel,99.08,True
EGT3_007-S_ovs_s70_00285.png,Epithel,Epithel,99.92,True
EGT3_007-S_ovs_s70_00290.png,Epithel,Epithel,99.41,True
EGT3_007-S_ovs_s70_00291.png,Epithel,Epithel,99.9,True
EGT3_007-S_ovs_s70_00292.png,Epithel,Epithel,99.78,True
EGT3_007-S_ovs_s70_00381.png,Epithel,Epithel,99.99,True
EGT3_007-S_ovs_s70_00386.png,Epithel,Epithel,99.79,True
EGT3_007-S_ovs_s70_00387.png,Epithel,Epithel,99.23,True
EGT3_007-S_ovs_s70_00467.png,Epithel,Epithel,99.97,True
EGT3_007-S_ovs_s70_00468.png,Epithel,Epithel,99.6,True
EGT3_007-S_ovs_s70_00473.png,Epithel,Epithel,99.69,True
EGT3_007-S_ovs_s70_00474.png,Epithel,Epithel,99.85,True
EGT3_007-S_ovs_s70_00475.png,Epithel,Epithel,99.54,True
EGT3_007-S_ovs_s70_00476.png,Epithel,Epithel,98.74,True
EGT3_007-S_ovs_s70_00481.png,Epithel,Epithel,99.67,True
EGT3_007-S_ovs_s70_00482.png,Epithel,Epithel,95.23,True
EGT3_007-S_ovs_s70_00574.png,Epithel,Epithel,99.99,True
EGT3_007-S_ovs_s70_00575.png,Epithel,Epithel,99.94,True
EGT3_007-S_ovs_s70_00580.png,Epithel,Epithel,99.73,True
EGT3_007-S_ovs_s70_00581.png,Epithel,Epithel,87.94,True
EGT3_007-S_ovs_s70_00582.png,Epithel,Epithel,98.63,True
EGT3_007-S_ovs_s70_00583.png,Epithel,Epithel,99.99,True
EGT3_007-S_ovs_s70_00588.png,Epithel,Epithel,99.69,True
EGT3_007-S_ovs_s70_00589.png,Epithel,Snp,100.0,False
EGT3_007-S_ovs_s70_00592.png,Epithel,Epithel,99.67,True
EGT3_007-S_ovs_s70_00593.png,Epithel,Epithel,99.55,True
EGT3_007-S_ovs_s70_00665.png,Epithel,Epithel,98.95,True
EGT3_007-S_ovs_s70_00666.png,Epithel,Epithel,99.84,True
EGT3_007-S_ovs_s70_00667.png,Epithel,Epithel,99.94,True
EGT3_007-S_ovs_s70_00668.png,Epithel,Epithel,99.78,True
EGT3_007-S_ovs_s70_00673.png,Epithel,Epithel,99.93,True
EGT3_007-S_ovs_s70_00674.png,Epithel,Epithel,99.98,True
EGT3_007-S_ovs_s70_00677.png,Epithel,Epithel,98.42,True
EGT3_007-S_ovs_s70_00694.png,Epithel,Epithel,99.95,True
EGT3_007-S_ovs_s70_00699.png,Epithel,Epithel,98.79,True
EGT3_007-S_ovs_s70_00700.png,Epithel,Epithel,99.89,True
EGT3_007-S_ovs_s70_00701.png,Epithel,Epithel,100.0,True
EGT3_007-S_ovs_s70_00765.png,Epithel,Epithel,98.6,True
EGT3_007-S_ovs_s70_00770.png,Epithel,Epithel,99.98,True
EGT3_007-S_ovs_s70_00771.png,Epithel,Epithel,99.96,True
EGT3_007-S_ovs_s70_00861.png,Epithel,Epithel,99.96,True
EGT3_007-S_ovs_s70_00862.png,Epithel,Epithel,99.94,True
EGT3_007-S_ovs_s70_00911.png,Epithel,Epithel,99.96,True
EGT3_007-S_ovs_s70_00938.png,Epithel,Epithel,99.95,True
EGT3_007-S_ovs_s70_00939.png,Epithel,Epithel,100.0,True
EGT3_007-S_ovs_s70_00940.png,Epithel,Epithel,99.73,True
EGT3_007-S_ovs_s70_00951.png,Epithel,Epithel,99.78,True
EGT3_007-S_ovs_s70_00952.png,Epithel,Epithel,99.33,True
EGT3_007-S_ovs_s70_00955.png,Epithel,Epithel,99.94,True
EGT3_007-S_ovs_s70_00956.png,Epithel,Epithel,99.95,True
EGT3_007-S_ovs_s70_01052.png,Epithel,Epithel,99.97,True
EGT3_007-S_ovs_s70_01053.png,Epithel,Epithel,99.95,True
EGT3_007-S_ovs_s70_01054.png,Epithel,Epithel,99.95,True
EGT3_007-S_ovs_s70_01055.png,Epithel,Epithel,99.41,True
EGT3_007-S_ovs_s70_01060.png,Epithel,Epithel,99.86,True
EGT3_007-S_ovs_s70_01061.png,Epithel,Epithel,99.22,True
EGT3_007-S_ovs_s70_01146.png,Epithel,Epithel,83.6,True
EGT3_007-S_ovs_s70_01147.png,Epithel,Epithel,98.96,True
EGT3_007-S_ovs_s70_01152.png,Epithel,Epithel,99.95,True
EGT3_007-S_ovs_s70_01153.png,Epithel,Epithel,99.99,True
EGT3_007-S_ovs_s70_01154.png,Epithel,Epithel,99.98,True
EGT3_007-S_ovs_s70_01155.png,Epithel,Epithel,99.98,True
EGT3_007-S_ovs_s70_01244.png,Epithel,Epithel,99.38,True
EGT3_007-S_ovs_s70_01245.png,Epithel,Epithel,98.92,True
EGT3_007-S_ovs_s70_01248.png,Epithel,Epithel,99.69,True
EGT3_007-S_ovs_s70_01249.png,Epithel,Epithel,99.47,True
EGT3_007-S_ovs_s70_01339.png,Epithel,Epithel,74.67,True
EGT3_007-S_ovs_s70_01340.png,Epithel,Epithel,98.59,True
EGT3_007-S_ovs_s70_01341.png,Epithel,Epithel,99.8,True
EGT3_007-S_ovs_s70_01342.png,Epithel,Epithel,99.97,True
EGT3_007-S_ovs_s70_01347.png,Epithel,Epithel,99.76,True
EGT3_007-S_ovs_s70_01437.png,Epithel,Epithel,99.97,True
EGT3_007-S_ovs_s70_01440.png,Epithel,Epithel,100.0,True
EGT3_007-S_ovs_s70_01441.png,Epithel,Epithel,99.9,True
EGT3_007-S_ovs_s70_01538.png,Epithel,Epithel,99.97,True
EGT3_007-S_ovs_s70_01539.png,Epithel,Epithel,99.06,True
EGT3_007-S_ovs_s70_01603.png,Epithel,Epithel,99.86,True
EGT3_007-S_ovs_s70_01604.png,Epithel,Epithel,99.99,True
EGT3_007-S_ovs_s70_01612.png,Epithel,Epithel,99.99,True
EGT3_007-S_ovs_s70_01613.png,Epithel,Epithel,99.95,True
EGT3_007-S_ovs_s70_01629.png,Epithel,Epithel,99.98,True
EGT3_007-S_ovs_s70_01630.png,Epithel,Epithel,100.0,True
EGT3_007-S_ovs_s70_01635.png,Epithel,Epithel,100.0,True
EGT3_007-S_ovs_s70_01636.png,Epithel,Epithel,99.98,True
EGT3_007-S_ovs_s70_01637.png,Epithel,Epithel,99.98,True
EGT3_007-S_ovs_s70_01638.png,Epithel,Epithel,99.99,True
EGT3_007-S_ovs_s70_01721.png,Epithel,Epithel,99.52,True
EGT3_007-S_ovs_s70_01722.png,Epithel,Epithel,99.92,True
EGT3_007-S_ovs_s70_01725.png,Epithel,Epithel,99.98,True
EGT3_007-S_ovs_s70_01726.png,Epithel,Epithel,99.92,True
EGT3_007-S_ovs_s70_01817.png,Epithel,Epithel,92.14,True
EGT3_007-S_ovs_s70_01818.png,Epithel,Epithel,99.75,True
EGT3_007-S_ovs_s70_01819.png,Epithel,Epithel,99.76,True
EGT3_007-S_ovs_s70_01820.png,Epithel,Epithel,99.66,True
EGT3_007-S_ovs_s70_01825.png,Epithel,Epithel,100.0,True
EGT3_007-S_ovs_s70_01826.png,Epithel,Epithel,99.88,True
EGT3_007-S_ovs_s70_01837.png,Epithel,Epithel,99.93,True
EGT3_007-S_ovs_s70_01838.png,Epithel,Epithel,99.99,True
EGT3_007-S_ovs_s70_01920.png,Epithel,Epithel,99.98,True
EGT3_007-S_ovs_s70_01921.png,Epithel,Epithel,99.98,True
EGT3_007-S_ovs_s70_01922.png,Epithel,Epithel,99.59,True
EGT3_007-S_ovs_s70_01923.png,Epithel,Epithel,99.98,True
EGT3_007-S_ovs_s70_02016.png,Epithel,Epithel,100.0,True
EGT3_007-S_ovs_s70_02017.png,Epithel,Epithel,99.94,True
EGT3_007-S_ovs_s70_02078.png,Epithel,Epithel,100.0,True
EGT3_007-S_ovs_s70_02079.png,Epithel,Epithel,99.99,True
EGT3_007-S_ovs_s70_02108.png,Epithel,Epithel,99.98,True
EGT3_007-S_ovs_s70_02109.png,Epithel,Epithel,99.72,True
EGT3_007-S_ovs_s70_02110.png,Epithel,Epithel,99.93,True
EGT3_007-S_ovs_s70_02111.png,Epithel,Epithel,99.88,True
EGT3_007-S_ovs_s70_02205.png,Epithel,Epithel,99.97,True
EGT3_007-S_ovs_s70_02206.png,Epithel,Epithel,99.98,True
EGT3_007-S_ovs_s70_02209.png,Epithel,Epithel,99.99,True
EGT3_007-S_ovs_s70_02210.png,Epithel,Epithel,99.99,True
EGT3_007-S_ovs_s70_02263.png,Epithel,Epithel,99.97,True
EGT3_007-S_ovs_s70_02267.png,Epithel,Epithel,100.0,True
EGT3_007-S_ovs_s70_02270.png,Epithel,Epithel,99.37,True
EGT3_007-S_ovs_s70_02289.png,Epithel,Epithel,99.99,True
EGT3_007-S_ovs_s70_02390.png,Epithel,Epithel,99.89,True
EGT3_007-S_ovs_s70_02391.png,Epithel,Epithel,99.98,True
EGT3_007-S_ovs_s70_02395.png,Epithel,Epithel,99.94,True
EGT3_007-S_ovs_s70_02396.png,Epithel,Epithel,100.0,True
EGT3_007-S_ovs_s70_02454.png,Epithel,Epithel,99.99,True
EGT3_008-B_ovs_s70_00092.png,Epithel,Epithel,99.85,True
EGT3_008-B_ovs_s70_00093.png,Epithel,Epithel,100.0,True
EGT3_008-B_ovs_s70_00094.png,Epithel,Epithel,99.24,True
EGT3_008-B_ovs_s70_00095.png,Epithel,Epithel,99.96,True
EGT3_008-B_ovs_s70_00096.png,Epithel,Epithel,99.69,True
EGT3_008-B_ovs_s70_00097.png,Epithel,Epithel,99.29,True
EGT3_008-B_ovs_s70_00192.png,Epithel,Epithel,99.93,True
EGT3_008-B_ovs_s70_00193.png,Epithel,Epithel,98.95,True
EGT3_008-B_ovs_s70_00194.png,Epithel,Epithel,99.04,True
EGT3_008-B_ovs_s70_00195.png,Epithel,Epithel,88.1,True
EGT3_008-B_ovs_s70_00282.png,Epithel,Epithel,98.89,True
EGT3_008-B_ovs_s70_00283.png,Epithel,Epithel,98.51,True
EGT3_008-B_ovs_s70_00284.png,Epithel,Epithel,99.35,True
EGT3_008-B_ovs_s70_00285.png,Epithel,Epithel,99.39,True
EGT3_008-B_ovs_s70_00286.png,Epithel,Epithel,99.71,True
EGT3_008-B_ovs_s70_00287.png,Epithel,Epithel,99.96,True
EGT3_008-B_ovs_s70_00288.png,Epithel,Epithel,99.99,True
EGT3_008-B_ovs_s70_00289.png,Epithel,Epithel,99.94,True
EGT3_008-B_ovs_s70_00290.png,Epithel,Epithel,99.98,True
EGT3_008-B_ovs_s70_00291.png,Epithel,Epithel,99.85,True
EGT3_008-B_ovs_s70_00292.png,Epithel,Epithel,99.67,True
EGT3_008-B_ovs_s70_00293.png,Epithel,Epithel,99.73,True
EGT3_008-B_ovs_s70_00380.png,Epithel,Epithel,99.6,True
EGT3_008-B_ovs_s70_00381.png,Epithel,Epithel,99.61,True
EGT3_008-B_ovs_s70_00382.png,Epithel,Epithel,98.94,True
EGT3_008-B_ovs_s70_00383.png,Epithel,Epithel,99.45,True
EGT3_008-B_ovs_s70_00384.png,Epithel,Epithel,99.99,True
EGT3_008-B_ovs_s70_00385.png,Epithel,Epithel,99.93,True
EGT3_008-B_ovs_s70_00386.png,Epithel,Epithel,99.89,True
EGT3_008-B_ovs_s70_00387.png,Epithel,Epithel,99.98,True
EGT3_008-B_ovs_s70_00388.png,Epithel,Epithel,99.17,True
EGT3_008-B_ovs_s70_00389.png,Epithel,Epithel,99.92,True
EGT3_008-B_ovs_s70_00572.png,Epithel,Epithel,98.89,True
EGT3_008-B_ovs_s70_00573.png,Epithel,Epithel,97.45,True
EGT3_008-B_ovs_s70_00574.png,Epithel,Epithel,99.89,True
EGT3_008-B_ovs_s70_00575.png,Epithel,Epithel,99.94,True
EGT3_008-B_ovs_s70_00576.png,Epithel,Epithel,99.99,True
EGT3_008-B_ovs_s70_00577.png,Epithel,Epithel,99.95,True
EGT3_008-B_ovs_s70_00578.png,Epithel,Epithel,99.95,True
EGT3_008-B_ovs_s70_00579.png,Epithel,Epithel,99.92,True
EGT3_008-B_ovs_s70_00580.png,Epithel,Epithel,99.99,True
EGT3_008-B_ovs_s70_00581.png,Epithel,Epithel,99.91,True
EGT3_008-B_ovs_s70_00582.png,Epithel,Epithel,99.2,True
EGT3_008-B_ovs_s70_00583.png,Epithel,Epithel,99.01,True
EGT3_008-B_ovs_s70_00584.png,Epithel,Epithel,99.62,True
EGT3_008-B_ovs_s70_00585.png,Epithel,Epithel,97.55,True
EGT3_008-B_ovs_s70_00586.png,Epithel,Epithel,97.04,True
EGT3_008-B_ovs_s70_00664.png,Epithel,Epithel,86.06,True
EGT3_008-B_ovs_s70_00665.png,Epithel,Epithel,96.63,True
EGT3_008-B_ovs_s70_00666.png,Epithel,Epithel,99.57,True
EGT3_008-B_ovs_s70_00667.png,Epithel,Epithel,99.78,True
EGT3_008-B_ovs_s70_00668.png,Epithel,Epithel,96.06,True
EGT3_008-B_ovs_s70_00669.png,Epithel,Epithel,99.96,True
EGT3_008-B_ovs_s70_00670.png,Epithel,Epithel,99.96,True
EGT3_008-B_ovs_s70_00671.png,Epithel,Epithel,99.99,True
EGT3_008-B_ovs_s70_00672.png,Epithel,Epithel,100.0,True
EGT3_008-B_ovs_s70_00673.png,Epithel,Epithel,100.0,True
EGT3_008-B_ovs_s70_00674.png,Epithel,Epithel,99.98,True
EGT3_008-B_ovs_s70_00675.png,Epithel,Epithel,99.96,True
EGT3_008-B_ovs_s70_00676.png,Epithel,Epithel,97.63,True
EGT3_008-B_ovs_s70_00677.png,Epithel,Epithel,99.87,True
EGT3_008-B_ovs_s70_00678.png,Epithel,Epithel,99.71,True
EGT3_008-B_ovs_s70_00679.png,Epithel,Epithel,96.09,True
EGT3_008-B_ovs_s70_00764.png,Epithel,Epithel,99.76,True
EGT3_008-B_ovs_s70_00765.png,Epithel,Epithel,99.85,True
EGT3_008-B_ovs_s70_00766.png,Epithel,Epithel,99.9,True
EGT3_008-B_ovs_s70_00767.png,Epithel,Epithel,99.92,True
EGT3_008-B_ovs_s70_00768.png,Epithel,Epithel,99.99,True
EGT3_008-B_ovs_s70_00769.png,Epithel,Epithel,99.84,True
EGT3_008-B_ovs_s70_00770.png,Epithel,Epithel,99.68,True
EGT3_008-B_ovs_s70_00771.png,Epithel,Epithel,99.92,True
EGT3_008-B_ovs_s70_00852.png,Epithel,Epithel,98.57,True
EGT3_008-B_ovs_s70_00853.png,Epithel,Epithel,97.58,True
EGT3_008-B_ovs_s70_00854.png,Epithel,Epithel,98.87,True
EGT3_008-B_ovs_s70_00855.png,Epithel,Epithel,99.86,True
EGT3_008-B_ovs_s70_00856.png,Epithel,Epithel,99.81,True
EGT3_008-B_ovs_s70_00857.png,Epithel,Epithel,99.91,True
EGT3_008-B_ovs_s70_00858.png,Epithel,Epithel,99.96,True
EGT3_008-B_ovs_s70_00859.png,Epithel,Epithel,99.99,True
EGT3_008-B_ovs_s70_00860.png,Epithel,Epithel,99.96,True
EGT3_008-B_ovs_s70_00861.png,Epithel,Epithel,100.0,True
EGT3_008-B_ovs_s70_00862.png,Epithel,Epithel,100.0,True
EGT3_008-B_ovs_s70_00863.png,Epithel,Epithel,100.0,True
EGT3_008-B_ovs_s70_00864.png,Epithel,Epithel,99.98,True
EGT3_008-B_ovs_s70_00865.png,Epithel,Epithel,99.97,True
EGT3_008-B_ovs_s70_00866.png,Epithel,Epithel,99.97,True
EGT3_008-B_ovs_s70_00867.png,Epithel,Epithel,99.96,True
EGT3_008-B_ovs_s70_00868.png,Epithel,Epithel,99.84,True
EGT3_008-B_ovs_s70_00869.png,Epithel,Epithel,99.71,True
EGT3_008-B_ovs_s70_00870.png,Epithel,Epithel,99.96,True
EGT3_008-B_ovs_s70_00871.png,Epithel,Epithel,98.42,True
EGT3_008-B_ovs_s70_00872.png,Epithel,Epithel,99.83,True
EGT3_008-B_ovs_s70_00873.png,Epithel,Epithel,98.49,True
EGT3_008-B_ovs_s70_00874.png,Epithel,Epithel,98.33,True
EGT3_008-B_ovs_s70_00948.png,Epithel,Epithel,98.18,True
EGT3_008-B_ovs_s70_00949.png,Epithel,Epithel,93.18,True
EGT3_008-B_ovs_s70_00950.png,Epithel,Epithel,99.7,True
EGT3_008-B_ovs_s70_00951.png,Epithel,Epithel,99.89,True
EGT3_008-B_ovs_s70_00952.png,Epithel,Epithel,99.77,True
EGT3_008-B_ovs_s70_00953.png,Epithel,Epithel,100.0,True
EGT3_008-B_ovs_s70_00954.png,Epithel,Epithel,99.94,True
EGT3_008-B_ovs_s70_00955.png,Epithel,Epithel,99.99,True
EGT3_008-B_ovs_s70_00956.png,Epithel,Epithel,99.97,True
EGT3_008-B_ovs_s70_00957.png,Epithel,Epithel,100.0,True
EGT3_008-B_ovs_s70_00958.png,Epithel,Epithel,99.99,True
EGT3_008-B_ovs_s70_00959.png,Epithel,Epithel,99.99,True
EGT3_008-B_ovs_s70_00960.png,Epithel,Epithel,100.0,True
EGT3_008-B_ovs_s70_00961.png,Epithel,Epithel,100.0,True
EGT3_008-B_ovs_s70_00962.png,Epithel,Epithel,99.99,True
EGT3_008-B_ovs_s70_00963.png,Epithel,Epithel,99.99,True
EGT3_008-B_ovs_s70_00964.png,Epithel,Epithel,99.97,True
EGT3_008-B_ovs_s70_00965.png,Epithel,Epithel,99.8,True
EGT3_008-B_ovs_s70_00966.png,Epithel,Epithel,98.03,True
EGT3_008-B_ovs_s70_00967.png,Epithel,Epithel,97.61,True
EGT3_008-B_ovs_s70_01048.png,Epithel,Epithel,97.05,True
EGT3_008-B_ovs_s70_01049.png,Epithel,Epithel,99.74,True
EGT3_008-B_ovs_s70_01050.png,Epithel,Epithel,100.0,True
EGT3_008-B_ovs_s70_01051.png,Epithel,Epithel,99.95,True
EGT3_008-B_ovs_s70_01052.png,Epithel,Epithel,99.87,True
EGT3_008-B_ovs_s70_01053.png,Epithel,Epithel,99.92,True
EGT3_008-B_ovs_s70_01054.png,Epithel,Epithel,99.98,True
EGT3_008-B_ovs_s70_01055.png,Epithel,Epithel,99.97,True
EGT3_008-B_ovs_s70_01056.png,Epithel,Epithel,99.92,True
EGT3_008-B_ovs_s70_01057.png,Epithel,Epithel,100.0,True
EGT3_008-B_ovs_s70_01058.png,Epithel,Epithel,99.97,True
EGT3_008-B_ovs_s70_01059.png,Epithel,Epithel,99.99,True
EGT3_008-B_ovs_s70_01060.png,Epithel,Epithel,99.97,True
EGT3_008-B_ovs_s70_01061.png,Epithel,Epithel,99.97,True
EGT3_008-B_ovs_s70_01062.png,Epithel,Epithel,99.77,True
EGT3_008-B_ovs_s70_01063.png,Epithel,Epithel,99.71,True
EGT3_010-Z_ovs_s70_00863.png,Epithel,Epithel,100.0,True
EGT3_010-Z_ovs_s70_02113.png,Epithel,Epithel,99.99,True
3EGT3_001-K_ovs_s70_00168.png,Snp,Snp,100.0,True
EGT3_002-L_ovs_s70_00075.png,Snp,Snp,99.99,True
EGT3_002-L_ovs_s70_00162.png,Snp,Snp,100.0,True
EGT3_002-L_ovs_s70_00261.png,Snp,Snp,99.97,True
EGT3_002-L_ovs_s70_00360.png,Snp,Snp,99.99,True
EGT3_002-L_ovs_s70_00453.png,Snp,Snp,99.99,True
EGT3_002-L_ovs_s70_00551.png,Snp,Snp,100.0,True
EGT3_002-L_ovs_s70_00652.png,Snp,Snp,99.98,True
EGT3_002-L_ovs_s70_00790.png,Snp,Snp,100.0,True
EGT3_002-L_ovs_s70_00888.png,Snp,Snp,100.0,True
EGT3_002-L_ovs_s70_00986.png,Snp,Snp,99.99,True
EGT3_002-L_ovs_s70_01083.png,Snp,Snp,99.97,True
EGT3_002-L_ovs_s70_01183.png,Snp,Snp,99.91,True
EGT3_002-L_ovs_s70_01315.png,Snp,Snp,100.0,True
EGT3_002-L_ovs_s70_01469.png,Snp,Snp,100.0,True
EGT3_002-L_ovs_s70_01569.png,Snp,Snp,100.0,True
EGT3_002-L_ovs_s70_01691.png,Snp,Snp,100.0,True
EGT3_002-L_ovs_s70_01800.png,Snp,Snp,99.95,True
EGT3_002-L_ovs_s70_01941.png,Snp,Snp,99.98,True
EGT3_002-L_ovs_s70_02053.png,Snp,Snp,99.8,True
EGT3_002-L_ovs_s70_02168.png,Snp,Snp,99.8,True
EGT3_002-L_ovs_s70_02272.png,Snp,Snp,100.0,True
EGT3_002-L_ovs_s70_02427.png,Snp,Snp,100.0,True
EGT3_002-L_ovs_s70_02467.png,Snp,Snp,99.89,True
EGT3_002-L_ovs_s70_02559.png,Snp,Snp,100.0,True
EGT3_002-L_ovs_s70_02617.png,Snp,Snp,99.99,True
EGT3_002-L_ovs_s70_02665.png,Snp,Snp,99.99,True
EGT3_002-L_ovs_s70_02752.png,Snp,Snp,100.0,True
EGT3_002-L_ovs_s70_02915.png,Snp,Snp,100.0,True
EGT3_002-L_ovs_s70_02946.png,Snp,Snp,99.99,True
EGT3_002-L_ovs_s70_03034.png,Snp,Snp,100.0,True
EGT3_002-L_ovs_s70_03101.png,Snp,Snp,100.0,True
EGT3_002-L_ovs_s70_03137.png,Snp,Snp,100.0,True
EGT3_002-L_ovs_s70_03289.png,Snp,Snp,99.98,True
EGT3_002-L_ovs_s70_03301.png,Snp,Snp,100.0,True
EGT3_002-L_ovs_s70_03427.png,Snp,Snp,100.0,True
EGT3_002-L_ovs_s70_03525.png,Snp,Snp,99.99,True
EGT3_002-L_ovs_s70_03528.png,Snp,Snp,99.99,True
EGT3_002-L_ovs_s70_03582.png,Snp,Snp,100.0,True
EGT3_005-Q_ovs_s70_00076.png,Snp,Snp,99.99,True
EGT3_005-Q_ovs_s70_00460.png,Snp,Snp,98.11,True
EGT3_005-Q_ovs_s70_00789.png,Snp,Snp,99.56,True
EGT3_005-Q_ovs_s70_01034.png,Snp,Snp,99.99,True
EGT3_007-S_ovs_s70_00110.png,Snp,Snp,99.94,True
EGT3_007-S_ovs_s70_00111.png,Snp,Snp,99.99,True
EGT3_007-S_ovs_s70_00173.png,Snp,Snp,100.0,True
EGT3_007-S_ovs_s70_00206.png,Snp,Snp,100.0,True
EGT3_007-S_ovs_s70_00214.png,Snp,Snp,99.99,True
EGT3_007-S_ovs_s70_00218.png,Snp,Snp,99.94,True
EGT3_007-S_ovs_s70_00219.png,Snp,Snp,99.87,True
EGT3_007-S_ovs_s70_00220.png,Snp,Snp,99.32,True
EGT3_007-S_ovs_s70_00271.png,Snp,Snp,100.0,True
EGT3_007-S_ovs_s70_00272.png,Snp,Snp,99.99,True
EGT3_007-S_ovs_s70_00300.png,Snp,Snp,100.0,True
EGT3_007-S_ovs_s70_00304.png,Snp,Snp,99.97,True
EGT3_007-S_ovs_s70_00312.png,Snp,Snp,100.0,True
EGT3_007-S_ovs_s70_00316.png,Snp,Snp,97.85,True
EGT3_007-S_ovs_s70_00360.png,Snp,Snp,99.99,True
EGT3_007-S_ovs_s70_00361.png,Snp,Snp,100.0,True
EGT3_007-S_ovs_s70_00372.png,Snp,Snp,99.94,True
EGT3_007-S_ovs_s70_00373.png,Snp,Snp,100.0,True
EGT3_007-S_ovs_s70_00403.png,Snp,Snp,99.99,True
EGT3_007-S_ovs_s70_00407.png,Snp,Snp,99.99,True
EGT3_007-S_ovs_s70_00492.png,Snp,Snp,99.98,True
EGT3_007-S_ovs_s70_00496.png,Snp,Snp,100.0,True
EGT3_007-S_ovs_s70_00497.png,Snp,Snp,100.0,True
EGT3_007-S_ovs_s70_00498.png,Snp,Snp,100.0,True
EGT3_007-S_ovs_s70_00556.png,Snp,Snp,99.97,True
EGT3_007-S_ovs_s70_00557.png,Snp,Snp,99.99,True
EGT3_007-S_ovs_s70_00563.png,Snp,Snp,100.0,True
EGT3_007-S_ovs_s70_00602.png,Snp,Snp,100.0,True
EGT3_007-S_ovs_s70_00649.png,Snp,Snp,100.0,True
EGT3_007-S_ovs_s70_00653.png,Snp,Snp,100.0,True
EGT3_007-S_ovs_s70_00654.png,Snp,Snp,99.92,True
EGT3_007-S_ovs_s70_00655.png,Snp,Snp,99.98,True
EGT3_007-S_ovs_s70_00687.png,Snp,Snp,99.97,True
EGT3_007-S_ovs_s70_00688.png,Snp,Snp,99.99,True
EGT3_007-S_ovs_s70_00703.png,Snp,Snp,99.97,True
EGT3_007-S_ovs_s70_00746.png,Snp,Snp,99.99,True
EGT3_007-S_ovs_s70_00754.png,Snp,Snp,99.93,True
EGT3_007-S_ovs_s70_00758.png,Snp,Snp,99.88,True
EGT3_007-S_ovs_s70_00777.png,Snp,Snp,99.95,True
EGT3_007-S_ovs_s70_00778.png,Snp,Snp,99.99,True
EGT3_007-S_ovs_s70_00789.png,Snp,Snp,99.99,True
EGT3_007-S_ovs_s70_00790.png,Snp,Snp,99.98,True
EGT3_007-S_ovs_s70_00842.png,Snp,Snp,99.87,True
EGT3_007-S_ovs_s70_00846.png,Snp,Snp,100.0,True
EGT3_007-S_ovs_s70_00854.png,Snp,Snp,99.3,True
EGT3_007-S_ovs_s70_01023.png,Snp,Snp,99.94,True
EGT3_007-S_ovs_s70_01024.png,Snp,Snp,99.99,True
EGT3_007-S_ovs_s70_01025.png,Snp,Snp,86.04,True
EGT3_007-S_ovs_s70_01036.png,Snp,Snp,100.0,True
EGT3_007-S_ovs_s70_01037.png,Snp,Snp,99.96,True
EGT3_007-S_ovs_s70_01071.png,Snp,Snp,100.0,True
EGT3_007-S_ovs_s70_01075.png,Snp,Snp,99.99,True
EGT3_007-S_ovs_s70_01128.png,Snp,Snp,99.98,True
EGT3_007-S_ovs_s70_01132.png,Snp,Snp,100.0,True
EGT3_007-S_ovs_s70_01133.png,Snp,Snp,100.0,True
EGT3_007-S_ovs_s70_01134.png,Snp,Snp,99.93,True
EGT3_007-S_ovs_s70_01167.png,Snp,Snp,99.99,True
EGT3_007-S_ovs_s70_01168.png,Snp,Snp,99.99,True
EGT3_007-S_ovs_s70_01174.png,Snp,Snp,99.78,True
EGT3_007-S_ovs_s70_01178.png,Snp,Snp,99.99,True
EGT3_007-S_ovs_s70_01227.png,Snp,Snp,100.0,True
EGT3_007-S_ovs_s70_01231.png,Snp,Snp,99.98,True
EGT3_007-S_ovs_s70_01232.png,Snp,Snp,100.0,True
EGT3_007-S_ovs_s70_01233.png,Snp,Snp,99.99,True
EGT3_007-S_ovs_s70_01266.png,Snp,Snp,99.14,True
EGT3_007-S_ovs_s70_01267.png,Snp,Snp,99.8,True
EGT3_007-S_ovs_s70_01323.png,Snp,Snp,100.0,True
EGT3_007-S_ovs_s70_01327.png,Snp,Snp,100.0,True
EGT3_007-S_ovs_s70_01357.png,Snp,Snp,99.87,True
EGT3_007-S_ovs_s70_01361.png,Snp,Snp,100.0,True
EGT3_007-S_ovs_s70_01362.png,Snp,Snp,100.0,True
EGT3_007-S_ovs_s70_01363.png,Snp,Snp,99.62,True
EGT3_007-S_ovs_s70_01423.png,Snp,Snp,100.0,True
EGT3_007-S_ovs_s70_01424.png,Snp,Snp,99.95,True
EGT3_007-S_ovs_s70_01430.png,Snp,Snp,100.0,True
EGT3_007-S_ovs_s70_01454.png,Snp,Snp,100.0,True
EGT3_007-S_ovs_s70_01462.png,Snp,Snp,100.0,True
EGT3_007-S_ovs_s70_01466.png,Snp,Snp,99.96,True
EGT3_007-S_ovs_s70_01521.png,Snp,Snp,100.0,True
EGT3_007-S_ovs_s70_01522.png,Snp,Snp,100.0,True
EGT3_007-S_ovs_s70_01544.png,Snp,Snp,99.92,True
EGT3_007-S_ovs_s70_01545.png,Snp,Snp,100.0,True
EGT3_007-S_ovs_s70_01551.png,Snp,Snp,100.0,True
EGT3_007-S_ovs_s70_01555.png,Snp,Snp,100.0,True
EGT3_007-S_ovs_s70_01618.png,Snp,Snp,99.05,True
EGT3_007-S_ovs_s70_01622.png,Snp,Snp,99.99,True
EGT3_007-S_ovs_s70_01623.png,Snp,Snp,99.96,True
EGT3_007-S_ovs_s70_01648.png,Snp,Snp,100.0,True
EGT3_007-S_ovs_s70_01659.png,Snp,Snp,99.99,True
EGT3_007-S_ovs_s70_01660.png,Snp,Snp,99.99,True
EGT3_007-S_ovs_s70_01702.png,Snp,Snp,99.96,True
EGT3_007-S_ovs_s70_01706.png,Snp,Snp,100.0,True
EGT3_007-S_ovs_s70_01741.png,Snp,Snp,99.99,True
EGT3_007-S_ovs_s70_01745.png,Snp,Snp,99.99,True
EGT3_007-S_ovs_s70_01746.png,Snp,Snp,99.99,True
EGT3_007-S_ovs_s70_01747.png,Snp,Snp,100.0,True
EGT3_007-S_ovs_s70_01795.png,Snp,Snp,99.98,True
EGT3_007-S_ovs_s70_01796.png,Snp,Snp,99.98,True
EGT3_007-S_ovs_s70_01802.png,Snp,Snp,99.99,True
EGT3_007-S_ovs_s70_01806.png,Snp,Snp,100.0,True
EGT3_007-S_ovs_s70_01834.png,Snp,Snp,100.0,True
EGT3_007-S_ovs_s70_01848.png,Snp,Snp,99.99,True
EGT3_007-S_ovs_s70_01849.png,Snp,Snp,100.0,True
EGT3_007-S_ovs_s70_01895.png,Snp,Snp,100.0,True
EGT3_007-S_ovs_s70_01907.png,Snp,Snp,100.0,True
EGT3_007-S_ovs_s70_01908.png,Snp,Snp,99.97,True
EGT3_007-S_ovs_s70_01936.png,Snp,Snp,100.0,True
EGT3_007-S_ovs_s70_01937.png,Snp,Snp,100.0,True
EGT3_007-S_ovs_s70_01997.png,Snp,Snp,100.0,True
EGT3_007-S_ovs_s70_02001.png,Snp,Snp,99.99,True
EGT3_007-S_ovs_s70_02002.png,Snp,Snp,99.73,True
EGT3_007-S_ovs_s70_02003.png,Snp,Snp,99.99,True
EGT3_007-S_ovs_s70_02034.png,Snp,Snp,99.99,True
EGT3_007-S_ovs_s70_02038.png,Snp,Snp,100.0,True
EGT3_007-S_ovs_s70_02093.png,Snp,Snp,100.0,True
EGT3_007-S_ovs_s70_02094.png,Snp,Snp,99.95,True
EGT3_007-S_ovs_s70_02128.png,Snp,Snp,99.99,True
EGT3_007-S_ovs_s70_02129.png,Snp,Snp,100.0,True
EGT3_007-S_ovs_s70_02130.png,Snp,Snp,100.0,True
EGT3_007-S_ovs_s70_02134.png,Snp,Snp,99.99,True
EGT3_007-S_ovs_s70_02227.png,Snp,Snp,99.99,True
EGT3_007-S_ovs_s70_02228.png,Snp,Snp,99.97,True
EGT3_007-S_ovs_s70_02234.png,Snp,Snp,99.98,True
EGT3_007-S_ovs_s70_02235.png,Snp,Snp,100.0,True
EGT3_007-S_ovs_s70_02326.png,Snp,Snp,100.0,True
EGT3_007-S_ovs_s70_02327.png,Snp,Snp,99.99,True
EGT3_007-S_ovs_s70_02331.png,Snp,Snp,99.99,True
EGT3_007-S_ovs_s70_02332.png,Snp,Snp,99.99,True
EGT3_007-S_ovs_s70_02381.png,Snp,Snp,100.0,True
EGT3_007-S_ovs_s70_02382.png,Snp,Snp,100.0,True
EGT3_007-S_ovs_s70_02414.png,Snp,Snp,100.0,True
EGT3_007-S_ovs_s70_02415.png,Snp,Snp,99.99,True
EGT3_007-S_ovs_s70_02427.png,Snp,Snp,98.47,True
EGT3_008-B_ovs_s70_00016.png,Snp,Snp,100.0,True
EGT3_008-B_ovs_s70_00017.png,Snp,Snp,100.0,True
EGT3_008-B_ovs_s70_00021.png,Snp,Snp,99.97,True
EGT3_008-B_ovs_s70_00022.png,Snp,Snp,100.0,True
EGT3_008-B_ovs_s70_00023.png,Snp,Snp,100.0,True
EGT3_008-B_ovs_s70_00071.png,Snp,Snp,100.0,True
EGT3_008-B_ovs_s70_00072.png,Snp,Snp,100.0,True
EGT3_008-B_ovs_s70_00076.png,Snp,Snp,99.99,True
EGT3_008-B_ovs_s70_00077.png,Snp,Snp,100.0,True
EGT3_008-B_ovs_s70_00078.png,Snp,Snp,100.0,True
EGT3_008-B_ovs_s70_00083.png,Snp,Snp,98.94,True
EGT3_008-B_ovs_s70_00108.png,Snp,Snp,99.98,True
EGT3_008-B_ovs_s70_00112.png,Snp,Snp,100.0,True
EGT3_008-B_ovs_s70_00113.png,Snp,Snp,100.0,True
EGT3_008-B_ovs_s70_00114.png,Snp,Snp,100.0,True
EGT3_008-B_ovs_s70_00119.png,Snp,Snp,100.0,True
EGT3_008-B_ovs_s70_00120.png,Snp,Snp,100.0,True
EGT3_008-B_ovs_s70_00168.png,Snp,Snp,99.98,True
EGT3_008-B_ovs_s70_00169.png,Snp,Snp,100.0,True
EGT3_008-B_ovs_s70_00170.png,Snp,Snp,100.0,True
EGT3_008-B_ovs_s70_00175.png,Snp,Snp,100.0,True
EGT3_008-B_ovs_s70_00176.png,Snp,Snp,100.0,True
EGT3_008-B_ovs_s70_00180.png,Snp,Snp,99.96,True
EGT3_008-B_ovs_s70_00181.png,Snp,Snp,99.99,True
EGT3_008-B_ovs_s70_00204.png,Snp,Snp,99.99,True
EGT3_008-B_ovs_s70_00209.png,Snp,Snp,100.0,True
EGT3_008-B_ovs_s70_00210.png,Snp,Snp,100.0,True
EGT3_008-B_ovs_s70_00214.png,Snp,Snp,100.0,True
EGT3_008-B_ovs_s70_00215.png,Snp,Snp,99.89,True
EGT3_008-B_ovs_s70_00263.png,Snp,Snp,99.99,True
EGT3_008-B_ovs_s70_00268.png,Snp,Snp,99.99,True
EGT3_008-B_ovs_s70_00269.png,Snp,Snp,99.99,True
EGT3_008-B_ovs_s70_00273.png,Snp,Snp,99.99,True
EGT3_008-B_ovs_s70_00274.png,Snp,Snp,99.93,True
EGT3_008-B_ovs_s70_00299.png,Snp,Snp,99.96,True
EGT3_008-B_ovs_s70_00304.png,Snp,Snp,100.0,True
EGT3_008-B_ovs_s70_00305.png,Snp,Snp,100.0,True
EGT3_008-B_ovs_s70_00309.png,Snp,Snp,100.0,True
EGT3_008-B_ovs_s70_00310.png,Snp,Snp,99.99,True
EGT3_008-B_ovs_s70_00311.png,Snp,Snp,99.99,True
EGT3_008-B_ovs_s70_00355.png,Snp,Snp,100.0,True
EGT3_008-B_ovs_s70_00356.png,Snp,Snp,99.98,True
EGT3_008-B_ovs_s70_00360.png,Snp,Snp,100.0,True
EGT3_008-B_ovs_s70_00361.png,Snp,Snp,99.18,True
EGT3_008-B_ovs_s70_00362.png,Snp,Snp,100.0,True
EGT3_008-B_ovs_s70_00367.png,Snp,Snp,100.0,True
EGT3_008-B_ovs_s70_00368.png,Snp,Snp,100.0,True
EGT3_008-B_ovs_s70_00397.png,Snp,Snp,99.91,True
EGT3_008-B_ovs_s70_00398.png,Snp,Snp,99.97,True
EGT3_008-B_ovs_s70_00399.png,Snp,Snp,99.99,True
EGT3_008-B_ovs_s70_00404.png,Snp,Snp,100.0,True
EGT3_008-B_ovs_s70_00405.png,Snp,Snp,100.0,True
EGT3_008-B_ovs_s70_00409.png,Snp,Snp,100.0,True
EGT3_008-B_ovs_s70_00410.png,Snp,Snp,100.0,True
EGT3_008-B_ovs_s70_00411.png,Snp,Snp,100.0,True
EGT3_008-B_ovs_s70_00457.png,Snp,Snp,100.0,True
EGT3_008-B_ovs_s70_00458.png,Snp,Snp,100.0,True
EGT3_008-B_ovs_s70_00462.png,Snp,Snp,100.0,True
EGT3_008-B_ovs_s70_00463.png,Snp,Snp,100.0,True
EGT3_008-B_ovs_s70_00464.png,Snp,Snp,100.0,True
EGT3_008-B_ovs_s70_00553.png,Snp,Snp,99.98,True
EGT3_008-B_ovs_s70_00554.png,Snp,Snp,99.98,True
EGT3_008-B_ovs_s70_00558.png,Snp,Snp,99.98,True
EGT3_008-B_ovs_s70_00559.png,Snp,Snp,100.0,True
EGT3_008-B_ovs_s70_00560.png,Snp,Snp,100.0,True
EGT3_008-B_ovs_s70_00590.png,Snp,Snp,99.95,True
EGT3_008-B_ovs_s70_00591.png,Snp,Snp,99.99,True
EGT3_008-B_ovs_s70_00595.png,Snp,Snp,99.96,True
EGT3_008-B_ovs_s70_00596.png,Snp,Snp,100.0,True
EGT3_008-B_ovs_s70_00597.png,Snp,Snp,100.0,True
EGT3_008-B_ovs_s70_00602.png,Snp,Snp,100.0,True
EGT3_008-B_ovs_s70_00644.png,Snp,Snp,99.72,True
EGT3_008-B_ovs_s70_00648.png,Snp,Snp,100.0,True
EGT3_008-B_ovs_s70_00649.png,Snp,Snp,100.0,True
EGT3_008-B_ovs_s70_00650.png,Snp,Snp,100.0,True
EGT3_008-B_ovs_s70_00655.png,Snp,Snp,99.9,True
EGT3_008-B_ovs_s70_00656.png,Snp,Snp,99.98,True
EGT3_008-B_ovs_s70_00692.png,Snp,Snp,100.0,True
EGT3_008-B_ovs_s70_00693.png,Snp,Snp,100.0,True
EGT3_008-B_ovs_s70_00694.png,Snp,Snp,100.0,True
EGT3_008-B_ovs_s70_00699.png,Snp,Snp,99.99,True
EGT3_008-B_ovs_s70_00700.png,Snp,Snp,100.0,True
EGT3_008-B_ovs_s70_00736.png,Snp,Snp,99.92,True
EGT3_008-B_ovs_s70_00737.png,Snp,Snp,99.98,True
EGT3_008-B_ovs_s70_00738.png,Snp,Snp,99.99,True
EGT3_008-B_ovs_s70_00743.png,Snp,Snp,100.0,True
EGT3_008-B_ovs_s70_00744.png,Snp,Snp,100.0,True
EGT3_008-B_ovs_s70_00748.png,Snp,Snp,100.0,True
EGT3_008-B_ovs_s70_00749.png,Snp,Snp,100.0,True
EGT3_008-B_ovs_s70_00750.png,Snp,Snp,99.99,True
EGT3_008-B_ovs_s70_00755.png,Snp,Snp,99.83,True
EGT3_008-B_ovs_s70_00780.png,Snp,Snp,99.94,True
EGT3_008-B_ovs_s70_00784.png,Snp,Snp,99.98,True
EGT3_008-B_ovs_s70_00785.png,Snp,Snp,99.96,True
EGT3_008-B_ovs_s70_00786.png,Snp,Snp,100.0,True
EGT3_008-B_ovs_s70_00791.png,Snp,Snp,99.98,True
EGT3_008-B_ovs_s70_00792.png,Snp,Snp,100.0,True
EGT3_008-B_ovs_s70_00836.png,Snp,Snp,99.99,True
EGT3_008-B_ovs_s70_00837.png,Snp,Snp,99.98,True
EGT3_008-B_ovs_s70_00838.png,Snp,Snp,100.0,True
EGT3_008-B_ovs_s70_00843.png,Snp,Snp,100.0,True
EGT3_008-B_ovs_s70_00880.png,Snp,Snp,99.28,True
EGT3_008-B_ovs_s70_00884.png,Snp,Snp,99.99,True
EGT3_008-B_ovs_s70_00885.png,Snp,Snp,99.94,True
EGT3_008-B_ovs_s70_00886.png,Snp,Snp,100.0,True
EGT3_008-B_ovs_s70_00891.png,Snp,Snp,100.0,True
EGT3_008-B_ovs_s70_00892.png,Snp,Snp,99.99,True
EGT3_008-B_ovs_s70_00928.png,Snp,Snp,99.99,True
EGT3_008-B_ovs_s70_00929.png,Snp,Snp,99.97,True
EGT3_008-B_ovs_s70_00930.png,Snp,Snp,99.87,True
EGT3_008-B_ovs_s70_00934.png,Snp,Snp,100.0,True
EGT3_008-B_ovs_s70_00935.png,Snp,Snp,99.98,True
EGT3_008-B_ovs_s70_00936.png,Snp,Snp,100.0,True
EGT3_008-B_ovs_s70_00976.png,Snp,Snp,99.84,True
EGT3_008-B_ovs_s70_00977.png,Snp,Snp,99.87,True
EGT3_008-B_ovs_s70_00978.png,Snp,Snp,99.92,True
EGT3_008-B_ovs_s70_00982.png,Snp,Snp,99.93,True
EGT3_008-B_ovs_s70_00983.png,Snp,Snp,99.95,True
EGT3_008-B_ovs_s70_00984.png,Snp,Snp,100.0,True
EGT3_008-B_ovs_s70_00988.png,Snp,Snp,99.97,True
EGT3_008-B_ovs_s70_00989.png,Snp,Snp,100.0,True
EGT3_008-B_ovs_s70_00990.png,Snp,Snp,100.0,True
EGT3_008-B_ovs_s70_01022.png,Snp,Snp,99.99,True
EGT3_008-B_ovs_s70_01023.png,Snp,Snp,99.99,True
EGT3_008-B_ovs_s70_01024.png,Snp,Snp,99.98,True
EGT3_008-B_ovs_s70_01028.png,Snp,Snp,100.0,True
EGT3_008-B_ovs_s70_01029.png,Snp,Snp,100.0,True
EGT3_008-B_ovs_s70_01030.png,Snp,Snp,100.0,True
EGT3_008-B_ovs_s70_01034.png,Snp,Snp,100.0,True
EGT3_008-B_ovs_s70_01035.png,Snp,Snp,100.0,True
EGT3_010-Z_ovs_s70_00017.png,Snp,Snp,99.99,True
EGT3_010-Z_ovs_s70_00888.png,Snp,Snp,99.97,True
EGT3_010-Z_ovs_s70_03153.png,Snp,Snp,99.98,True
zEGT3_001-K_ovs_s70_00021.png,Snp,Snp,99.96,True
zEGT3_001-K_ovs_s70_00028.png,Snp,Snp,99.98,True
1EGT3_001-K_ovs_s70_00043.png,Stroma,Stroma,100.0,True
EGT3_005-Q_ovs_s70_00049.png,Stroma,Stroma,100.0,True
EGT3_005-Q_ovs_s70_00247.png,Stroma,Stroma,99.74,True
EGT3_005-Q_ovs_s70_00334.png,Stroma,Stroma,99.74,True
EGT3_005-Q_ovs_s70_00338.png,Stroma,Stroma,99.94,True
EGT3_005-Q_ovs_s70_00527.png,Stroma,Stroma,96.62,True
EGT3_005-Q_ovs_s70_00915.png,Stroma,Stroma,98.93,True
EGT3_007-S_ovs_s70_00044.png,Stroma,Stroma,100.0,True
EGT3_007-S_ovs_s70_00045.png,Stroma,Stroma,100.0,True
EGT3_007-S_ovs_s70_00051.png,Stroma,Stroma,99.99,True
EGT3_007-S_ovs_s70_00055.png,Stroma,Stroma,100.0,True
EGT3_007-S_ovs_s70_00133.png,Stroma,Stroma,99.98,True
EGT3_007-S_ovs_s70_00134.png,Stroma,Stroma,100.0,True
EGT3_007-S_ovs_s70_00135.png,Stroma,Stroma,100.0,True
EGT3_007-S_ovs_s70_00146.png,Stroma,Stroma,100.0,True
EGT3_007-S_ovs_s70_00147.png,Stroma,Stroma,100.0,True
EGT3_007-S_ovs_s70_00153.png,Stroma,Stroma,99.99,True
EGT3_007-S_ovs_s70_00157.png,Stroma,Stroma,99.98,True
EGT3_007-S_ovs_s70_00232.png,Stroma,Stroma,99.96,True
EGT3_007-S_ovs_s70_00236.png,Stroma,Stroma,99.81,True
EGT3_007-S_ovs_s70_00237.png,Stroma,Stroma,99.99,True
EGT3_007-S_ovs_s70_00238.png,Stroma,Stroma,100.0,True
EGT3_007-S_ovs_s70_00249.png,Stroma,Stroma,99.98,True
EGT3_007-S_ovs_s70_00250.png,Stroma,Stroma,99.86,True
EGT3_007-S_ovs_s70_00327.png,Stroma,Stroma,99.99,True
EGT3_007-S_ovs_s70_00335.png,Stroma,Stroma,99.99,True
EGT3_007-S_ovs_s70_00339.png,Stroma,Stroma,100.0,True
EGT3_007-S_ovs_s70_00340.png,Stroma,Stroma,99.98,True
EGT3_007-S_ovs_s70_00341.png,Stroma,Stroma,99.96,True
EGT3_007-S_ovs_s70_00352.png,Stroma,Stroma,99.95,True
EGT3_007-S_ovs_s70_00419.png,Stroma,Stroma,99.98,True
EGT3_007-S_ovs_s70_00425.png,Stroma,Stroma,99.96,True
EGT3_007-S_ovs_s70_00429.png,Stroma,Stroma,100.0,True
EGT3_007-S_ovs_s70_00437.png,Stroma,Stroma,100.0,True
EGT3_007-S_ovs_s70_00441.png,Stroma,Stroma,100.0,True
EGT3_007-S_ovs_s70_00442.png,Stroma,Stroma,100.0,True
EGT3_007-S_ovs_s70_00443.png,Stroma,Stroma,99.94,True
EGT3_007-S_ovs_s70_00519.png,Stroma,Stroma,99.99,True
EGT3_007-S_ovs_s70_00520.png,Stroma,Stroma,99.98,True
EGT3_007-S_ovs_s70_00526.png,Stroma,Stroma,99.99,True
EGT3_007-S_ovs_s70_00530.png,Stroma,Stroma,99.99,True
EGT3_007-S_ovs_s70_00538.png,Stroma,Stroma,99.98,True
EGT3_007-S_ovs_s70_00542.png,Stroma,Stroma,99.72,True
EGT3_007-S_ovs_s70_00543.png,Stroma,Stroma,99.99,True
EGT3_007-S_ovs_s70_00544.png,Stroma,Stroma,99.96,True
EGT3_007-S_ovs_s70_00616.png,Stroma,Stroma,100.0,True
EGT3_007-S_ovs_s70_00617.png,Stroma,Stroma,99.79,True
EGT3_007-S_ovs_s70_00623.png,Stroma,Stroma,100.0,True
EGT3_007-S_ovs_s70_00627.png,Stroma,Stroma,99.98,True
EGT3_007-S_ovs_s70_00635.png,Stroma,Stroma,100.0,True
EGT3_007-S_ovs_s70_00708.png,Stroma,Stroma,99.99,True
EGT3_007-S_ovs_s70_00709.png,Stroma,Stroma,100.0,True
EGT3_007-S_ovs_s70_00710.png,Stroma,Stroma,99.96,True
EGT3_007-S_ovs_s70_00721.png,Stroma,Stroma,100.0,True
EGT3_007-S_ovs_s70_00722.png,Stroma,Stroma,100.0,True
EGT3_007-S_ovs_s70_00728.png,Stroma,Stroma,99.98,True
EGT3_007-S_ovs_s70_00732.png,Stroma,Stroma,99.98,True
EGT3_007-S_ovs_s70_00805.png,Stroma,Stroma,99.95,True
EGT3_007-S_ovs_s70_00809.png,Stroma,Stroma,100.0,True
EGT3_007-S_ovs_s70_00810.png,Stroma,Stroma,99.99,True
EGT3_007-S_ovs_s70_00811.png,Stroma,Stroma,99.85,True
EGT3_007-S_ovs_s70_00822.png,Stroma,Stroma,100.0,True
EGT3_007-S_ovs_s70_00823.png,Stroma,Stroma,99.99,True
EGT3_007-S_ovs_s70_00829.png,Stroma,Stroma,99.97,True
EGT3_007-S_ovs_s70_00914.png,Stroma,Stroma,100.0,True
EGT3_007-S_ovs_s70_01093.png,Stroma,Stroma,99.87,True
EGT3_007-S_ovs_s70_01094.png,Stroma,Stroma,99.99,True
EGT3_007-S_ovs_s70_01095.png,Stroma,Stroma,99.98,True
EGT3_007-S_ovs_s70_01106.png,Stroma,Stroma,99.74,True
EGT3_007-S_ovs_s70_01107.png,Stroma,Stroma,99.99,True
EGT3_007-S_ovs_s70_01116.png,Stroma,Stroma,99.61,True
EGT3_007-S_ovs_s70_01193.png,Stroma,Stroma,99.99,True
EGT3_007-S_ovs_s70_01197.png,Stroma,Stroma,99.97,True
EGT3_007-S_ovs_s70_01198.png,Stroma,Stroma,99.99,True
EGT3_007-S_ovs_s70_01199.png,Stroma,Stroma,99.97,True
EGT3_007-S_ovs_s70_01210.png,Stroma,Stroma,99.92,True
EGT3_007-S_ovs_s70_01211.png,Stroma,Stroma,99.95,True
EGT3_007-S_ovs_s70_01282.png,Stroma,Stroma,99.92,True
EGT3_007-S_ovs_s70_01286.png,Stroma,Stroma,99.98,True
EGT3_007-S_ovs_s70_01294.png,Stroma,Stroma,100.0,True
EGT3_007-S_ovs_s70_01298.png,Stroma,Stroma,99.92,True
EGT3_007-S_ovs_s70_01299.png,Stroma,Stroma,99.99,True
EGT3_007-S_ovs_s70_01300.png,Stroma,Stroma,99.98,True
EGT3_007-S_ovs_s70_01311.png,Stroma,Stroma,99.96,True
EGT3_007-S_ovs_s70_01312.png,Stroma,Stroma,99.96,True
EGT3_007-S_ovs_s70_01374.png,Stroma,Stroma,99.87,True
EGT3_007-S_ovs_s70_01400.png,Stroma,Stroma,99.96,True
EGT3_007-S_ovs_s70_01408.png,Stroma,Stroma,99.94,True
EGT3_007-S_ovs_s70_01473.png,Stroma,Stroma,99.85,True
EGT3_007-S_ovs_s70_01474.png,Stroma,Stroma,99.43,True
EGT3_007-S_ovs_s70_01475.png,Stroma,Stroma,99.99,True
EGT3_007-S_ovs_s70_01492.png,Stroma,Stroma,99.97,True
EGT3_007-S_ovs_s70_01493.png,Stroma,Stroma,100.0,True
EGT3_007-S_ovs_s70_01502.png,Stroma,Stroma,99.87,True
EGT3_007-S_ovs_s70_01571.png,Stroma,Stroma,99.99,True
EGT3_007-S_ovs_s70_01668.png,Stroma,Stroma,99.66,True
EGT3_007-S_ovs_s70_01672.png,Stroma,Stroma,99.95,True
EGT3_007-S_ovs_s70_01673.png,Stroma,Stroma,99.89,True
EGT3_007-S_ovs_s70_01674.png,Stroma,Stroma,99.99,True
EGT3_007-S_ovs_s70_01685.png,Stroma,Stroma,99.99,True
EGT3_007-S_ovs_s70_01686.png,Stroma,Stroma,99.99,True
EGT3_007-S_ovs_s70_01767.png,Stroma,Stroma,99.99,True
EGT3_007-S_ovs_s70_01775.png,Stroma,Stroma,100.0,True
EGT3_007-S_ovs_s70_01779.png,Stroma,Stroma,100.0,True
EGT3_007-S_ovs_s70_01780.png,Stroma,Stroma,100.0,True
EGT3_007-S_ovs_s70_01781.png,Stroma,Stroma,100.0,True
EGT3_007-S_ovs_s70_01860.png,Stroma,Stroma,99.95,True
EGT3_007-S_ovs_s70_01861.png,Stroma,Stroma,99.97,True
EGT3_007-S_ovs_s70_01867.png,Stroma,Stroma,99.98,True
EGT3_007-S_ovs_s70_01871.png,Stroma,Stroma,99.99,True
EGT3_007-S_ovs_s70_01879.png,Stroma,Stroma,99.82,True
EGT3_007-S_ovs_s70_01883.png,Stroma,Stroma,100.0,True
EGT3_007-S_ovs_s70_01884.png,Stroma,Stroma,99.97,True
EGT3_007-S_ovs_s70_01885.png,Stroma,Stroma,99.99,True
EGT3_007-S_ovs_s70_01983.png,Stroma,Stroma,99.83,True
EGT3_007-S_ovs_s70_01984.png,Stroma,Stroma,99.9,True
EGT3_007-S_ovs_s70_02051.png,Stroma,Stroma,99.95,True
EGT3_007-S_ovs_s70_02055.png,Stroma,Stroma,99.98,True
EGT3_007-S_ovs_s70_02063.png,Stroma,Stroma,99.98,True
EGT3_007-S_ovs_s70_02147.png,Stroma,Stroma,100.0,True
EGT3_007-S_ovs_s70_02148.png,Stroma,Stroma,99.98,True
EGT3_007-S_ovs_s70_02149.png,Stroma,Stroma,100.0,True
EGT3_007-S_ovs_s70_02160.png,Stroma,Stroma,99.97,True
EGT3_007-S_ovs_s70_02161.png,Stroma,Stroma,99.97,True
EGT3_007-S_ovs_s70_02248.png,Stroma,Stroma,99.99,True
EGT3_007-S_ovs_s70_02252.png,Stroma,Stroma,99.98,True
EGT3_007-S_ovs_s70_02260.png,Stroma,Stroma,99.97,True
EGT3_007-S_ovs_s70_02347.png,Stroma,Stroma,99.84,True
EGT3_007-S_ovs_s70_02348.png,Stroma,Stroma,99.89,True
EGT3_007-S_ovs_s70_02349.png,Stroma,Stroma,99.84,True
EGT3_007-S_ovs_s70_02361.png,Stroma,Stroma,99.72,True
EGT3_007-S_ovs_s70_02436.png,Stroma,Stroma,99.98,True
EGT3_007-S_ovs_s70_02442.png,Stroma,Stroma,100.0,True
EGT3_007-S_ovs_s70_02443.png,Stroma,Stroma,99.99,True
EGT3_007-S_ovs_s70_02452.png,Stroma,Stroma,99.96,True
EGT3_008-B_ovs_s70_00038.png,Stroma,Stroma,99.99,True
EGT3_008-B_ovs_s70_00039.png,Stroma,Stroma,99.93,True
EGT3_008-B_ovs_s70_00040.png,Stroma,Stroma,100.0,True
EGT3_008-B_ovs_s70_00042.png,Stroma,Stroma,99.99,True
EGT3_008-B_ovs_s70_00043.png,Stroma,Stroma,100.0,True
EGT3_008-B_ovs_s70_00044.png,Stroma,Stroma,100.0,True
EGT3_008-B_ovs_s70_00045.png,Stroma,Stroma,100.0,True
EGT3_008-B_ovs_s70_00046.png,Stroma,Stroma,100.0,True
EGT3_008-B_ovs_s70_00048.png,Stroma,Stroma,100.0,True
EGT3_008-B_ovs_s70_00049.png,Stroma,Stroma,99.98,True
EGT3_008-B_ovs_s70_00050.png,Stroma,Stroma,99.96,True
EGT3_008-B_ovs_s70_00051.png,Stroma,Stroma,99.99,True
EGT3_008-B_ovs_s70_00052.png,Stroma,Stroma,100.0,True
EGT3_008-B_ovs_s70_00054.png,Stroma,Stroma,99.91,True
EGT3_008-B_ovs_s70_00055.png,Stroma,Stroma,99.97,True
EGT3_008-B_ovs_s70_00132.png,Stroma,Stroma,99.95,True
EGT3_008-B_ovs_s70_00133.png,Stroma,Stroma,99.97,True
EGT3_008-B_ovs_s70_00134.png,Stroma,Stroma,99.99,True
EGT3_008-B_ovs_s70_00136.png,Stroma,Stroma,99.99,True
EGT3_008-B_ovs_s70_00137.png,Stroma,Stroma,100.0,True
EGT3_008-B_ovs_s70_00138.png,Stroma,Stroma,99.98,True
EGT3_008-B_ovs_s70_00139.png,Stroma,Stroma,100.0,True
EGT3_008-B_ovs_s70_00140.png,Stroma,Stroma,99.97,True
EGT3_008-B_ovs_s70_00142.png,Stroma,Stroma,99.79,True
EGT3_008-B_ovs_s70_00143.png,Stroma,Stroma,100.0,True
EGT3_008-B_ovs_s70_00144.png,Stroma,Stroma,100.0,True
EGT3_008-B_ovs_s70_00145.png,Stroma,Stroma,99.98,True
EGT3_008-B_ovs_s70_00146.png,Stroma,Stroma,99.87,True
EGT3_008-B_ovs_s70_00148.png,Stroma,Stroma,99.86,True
EGT3_008-B_ovs_s70_00149.png,Stroma,Stroma,99.99,True
EGT3_008-B_ovs_s70_00150.png,Stroma,Stroma,99.98,True
EGT3_008-B_ovs_s70_00151.png,Stroma,Stroma,99.98,True
EGT3_008-B_ovs_s70_00152.png,Stroma,Stroma,99.87,True
EGT3_008-B_ovs_s70_00230.png,Stroma,Stroma,100.0,True
EGT3_008-B_ovs_s70_00231.png,Stroma,Stroma,100.0,True
EGT3_008-B_ovs_s70_00232.png,Stroma,Stroma,99.85,True
EGT3_008-B_ovs_s70_00233.png,Stroma,Stroma,99.98,True
EGT3_008-B_ovs_s70_00234.png,Stroma,Stroma,99.99,True
EGT3_008-B_ovs_s70_00236.png,Stroma,Stroma,99.99,True
EGT3_008-B_ovs_s70_00237.png,Stroma,Stroma,99.99,True
EGT3_008-B_ovs_s70_00238.png,Stroma,Stroma,100.0,True
EGT3_008-B_ovs_s70_00239.png,Stroma,Stroma,100.0,True
EGT3_008-B_ovs_s70_00240.png,Stroma,Stroma,100.0,True
EGT3_008-B_ovs_s70_00242.png,Stroma,Stroma,100.0,True
EGT3_008-B_ovs_s70_00243.png,Stroma,Stroma,100.0,True
EGT3_008-B_ovs_s70_00244.png,Stroma,Stroma,100.0,True
EGT3_008-B_ovs_s70_00245.png,Stroma,Stroma,100.0,True
EGT3_008-B_ovs_s70_00246.png,Stroma,Stroma,100.0,True
EGT3_008-B_ovs_s70_00248.png,Stroma,Stroma,99.99,True
EGT3_008-B_ovs_s70_00249.png,Stroma,Stroma,99.99,True
EGT3_008-B_ovs_s70_00250.png,Stroma,Stroma,100.0,True
EGT3_008-B_ovs_s70_00251.png,Stroma,Stroma,99.98,True
EGT3_008-B_ovs_s70_00328.png,Stroma,Stroma,99.97,True
EGT3_008-B_ovs_s70_00330.png,Stroma,Stroma,100.0,True
EGT3_008-B_ovs_s70_00331.png,Stroma,Stroma,100.0,True
EGT3_008-B_ovs_s70_00332.png,Stroma,Stroma,100.0,True
EGT3_008-B_ovs_s70_00333.png,Stroma,Stroma,99.98,True
EGT3_008-B_ovs_s70_00334.png,Stroma,Stroma,100.0,True
EGT3_008-B_ovs_s70_00336.png,Stroma,Stroma,100.0,True
EGT3_008-B_ovs_s70_00337.png,Stroma,Stroma,100.0,True
EGT3_008-B_ovs_s70_00338.png,Stroma,Stroma,100.0,True
EGT3_008-B_ovs_s70_00339.png,Stroma,Stroma,100.0,True
EGT3_008-B_ovs_s70_00340.png,Stroma,Stroma,99.99,True
EGT3_008-B_ovs_s70_00342.png,Stroma,Stroma,99.94,True
EGT3_008-B_ovs_s70_00343.png,Stroma,Stroma,100.0,True
EGT3_008-B_ovs_s70_00423.png,Stroma,Stroma,99.89,True
EGT3_008-B_ovs_s70_00424.png,Stroma,Stroma,99.93,True
EGT3_008-B_ovs_s70_00425.png,Stroma,Stroma,100.0,True
EGT3_008-B_ovs_s70_00427.png,Stroma,Stroma,99.99,True
EGT3_008-B_ovs_s70_00428.png,Stroma,Stroma,100.0,True
EGT3_008-B_ovs_s70_00429.png,Stroma,Stroma,100.0,True
EGT3_008-B_ovs_s70_00430.png,Stroma,Stroma,100.0,True
EGT3_008-B_ovs_s70_00431.png,Stroma,Stroma,100.0,True
EGT3_008-B_ovs_s70_00433.png,Stroma,Stroma,100.0,True
EGT3_008-B_ovs_s70_00434.png,Stroma,Stroma,100.0,True
EGT3_008-B_ovs_s70_00435.png,Stroma,Stroma,100.0,True
EGT3_008-B_ovs_s70_00436.png,Stroma,Stroma,99.99,True
EGT3_008-B_ovs_s70_00437.png,Stroma,Stroma,100.0,True
EGT3_008-B_ovs_s70_00439.png,Stroma,Stroma,99.92,True
EGT3_008-B_ovs_s70_00440.png,Stroma,Stroma,99.95,True
EGT3_008-B_ovs_s70_00441.png,Stroma,Stroma,99.94,True
EGT3_008-B_ovs_s70_00442.png,Stroma,Stroma,99.57,True
EGT3_008-B_ovs_s70_00443.png,Stroma,Stroma,99.49,True
EGT3_008-B_ovs_s70_00620.png,Stroma,Stroma,99.98,True
EGT3_008-B_ovs_s70_00621.png,Stroma,Stroma,99.85,True
EGT3_008-B_ovs_s70_00622.png,Stroma,Stroma,99.99,True
EGT3_008-B_ovs_s70_00623.png,Stroma,Stroma,99.98,True
EGT3_008-B_ovs_s70_00624.png,Stroma,Stroma,100.0,True
EGT3_008-B_ovs_s70_00626.png,Stroma,Stroma,100.0,True
EGT3_008-B_ovs_s70_00627.png,Stroma,Stroma,100.0,True
EGT3_008-B_ovs_s70_00628.png,Stroma,Stroma,100.0,True
EGT3_008-B_ovs_s70_00629.png,Stroma,Stroma,99.96,True
EGT3_008-B_ovs_s70_00716.png,Stroma,Stroma,99.99,True
EGT3_008-B_ovs_s70_00718.png,Stroma,Stroma,99.99,True
EGT3_008-B_ovs_s70_00719.png,Stroma,Stroma,99.97,True
EGT3_008-B_ovs_s70_00720.png,Stroma,Stroma,100.0,True
EGT3_008-B_ovs_s70_00721.png,Stroma,Stroma,100.0,True
EGT3_008-B_ovs_s70_00722.png,Stroma,Stroma,100.0,True
EGT3_008-B_ovs_s70_00724.png,Stroma,Stroma,99.97,True
EGT3_008-B_ovs_s70_00808.png,Stroma,Stroma,99.9,True
EGT3_008-B_ovs_s70_00809.png,Stroma,Stroma,99.89,True
EGT3_008-B_ovs_s70_00810.png,Stroma,Stroma,99.96,True
EGT3_008-B_ovs_s70_00811.png,Stroma,Stroma,99.98,True
EGT3_008-B_ovs_s70_00813.png,Stroma,Stroma,100.0,True
EGT3_008-B_ovs_s70_00814.png,Stroma,Stroma,100.0,True
EGT3_008-B_ovs_s70_00815.png,Stroma,Stroma,100.0,True
EGT3_008-B_ovs_s70_00816.png,Stroma,Stroma,100.0,True
EGT3_008-B_ovs_s70_00817.png,Stroma,Stroma,100.0,True
EGT3_008-B_ovs_s70_00819.png,Stroma,Stroma,100.0,True
EGT3_008-B_ovs_s70_00908.png,Stroma,Stroma,99.69,True
EGT3_008-B_ovs_s70_00909.png,Stroma,Stroma,99.97,True
EGT3_008-B_ovs_s70_00910.png,Stroma,Stroma,100.0,True
EGT3_008-B_ovs_s70_00911.png,Stroma,Stroma,99.99,True
EGT3_008-B_ovs_s70_00913.png,Stroma,Stroma,99.9,True
EGT3_008-B_ovs_s70_00914.png,Stroma,Stroma,99.95,True
EGT3_008-B_ovs_s70_00915.png,Stroma,Stroma,99.96,True
EGT3_008-B_ovs_s70_00916.png,Stroma,Stroma,99.98,True
EGT3_008-B_ovs_s70_00917.png,Stroma,Stroma,99.98,True
EGT3_008-B_ovs_s70_00918.png,Stroma,Stroma,99.99,True
EGT3_008-B_ovs_s70_00919.png,Stroma,Stroma,99.65,True
EGT3_008-B_ovs_s70_01003.png,Stroma,Stroma,99.89,True
EGT3_008-B_ovs_s70_01004.png,Stroma,Stroma,99.97,True
EGT3_008-B_ovs_s70_01005.png,Stroma,Stroma,99.98,True
EGT3_008-B_ovs_s70_01006.png,Stroma,Stroma,100.0,True
EGT3_008-B_ovs_s70_01007.png,Stroma,Stroma,99.93,True
EGT3_008-B_ovs_s70_01008.png,Stroma,Stroma,99.91,True
EGT3_008-B_ovs_s70_01009.png,Stroma,Stroma,100.0,True
EGT3_008-B_ovs_s70_01010.png,Stroma,Stroma,99.93,True
EGT3_010-Z_ovs_s70_00625.png,Stroma,Stroma,99.99,True
EGT3_010-Z_ovs_s70_01103.png,Stroma,Stroma,99.98,True
EGT3_010-Z_ovs_s70_02350.png,Stroma,Stroma,100.0,True
EGT3_010-Z_ovs_s70_02451.png,Stroma,Stroma,99.93,True
EGT3_010-Z_ovs_s70_03215.png,Stroma,Stroma,99.99,True
